,Precision,Recall,Fscore
0,0.632468543835781,0.6230217384770623,0.626614249344084
